ID,Type,SKU,Name,Published,"Is featured?","Visibility in catalog","Short description",Description,"Date sale price starts","Date sale price ends","Tax status","Tax class","In stock?",Stock,"Low stock amount","Backorders allowed?","Sold individually?","Weight (kg)","Length (cm)","Width (cm)","Height (cm)","Allow customer reviews?","Purchase note","Sale price","Regular price",Categories,Tags,"Shipping class",Images,"Download limit","Download expiry days",Parent,"Grouped products",Upsells,Cross-sells,"External URL","Button text",Position,"Attribute 1 name","Attribute 1 value(s)","Attribute 1 visible","Attribute 1 global","Attribute 2 name","Attribute 2 value(s)","Attribute 2 visible","Attribute 2 global"
596,simple,,"Cast Iron Cauldron With Triple Moon",1,0,visible,"<table width=""1790"">\n<tbody>\n<tr>\n<td width=""1790""> A large cast iron cauldron with triple moon design.</td>\n</tr>\n</tbody>\n</table>","<table width=""1790"">\n<tbody>\n<tr>\n<td width=""1790""> A large cast iron cauldron with triple moon design.</td>\n</tr>\n</tbody>\n</table>",,,taxable,,1,3,,0,0,2.5,13.5,15,9.7,1,,,25,"Home Decor > Cauldrons, Home Decor",,Large,https://www.eclecticcharge.com/wp-content/uploads/2021/04/15cm-Cast-Iron-Cauldron-With-Triple-Moon-1.jpg,,,,,,,,,0,Color,Black,1,1,Material,"Cast Iron",1,0
597,simple,,"Mini Cauldron With Pentagram",1,0,visible,"A mini cast iron cauldron with pentagram design.","A small cast iron cauldron with pentagram design.",,,taxable,,1,5,,0,0,.5,10.6,7.62,,1,,,15.00,"Home Decor > Cauldrons, Home Decor",,Large,"https://www.eclecticcharge.com/wp-content/uploads/2021/04/Mini-Cauldron-1.jpg, https://www.eclecticcharge.com/wp-content/uploads/2021/04/Mini-Cauldron-2.jpg",,,,,,,,,0,Color,Black,1,1,Material,"Cast Iron",1,0
598,simple,,"3 Card Tarot Spread Altar Cloth",1,0,visible,"Useful for three-card tarot spreads, this cotton altar cloth features corner tassels and white 'past', 'present' and 'future' designs for laying a linear card spread. Use for tarot readings, creating a sacred altar space or as mystical home décor.",,,,taxable,,backorder,,,0,0,,70,70,.2,1,,,15,"Magick Supplies > Altar Cloth, Magick Supplies",,,https://www.eclecticcharge.com/wp-content/uploads/2021/04/3-Card-Tarot-Spread-Altar-Cloth-1.jpg,,,,,,,,,0,Color,Black,1,1,Material,Cotton,1,0
599,simple,,"Triple Moon Pentacle Altar Cloth",1,0,visible,"This black altar cloth has been decorated with a striking metallic gold and silver Triple Moon Pentacle design and a Celtic-inspired border. The Triple Moon is often associated with the Triple Goddess and the Pentacle symbolizes connection between five elements; spirit, air, water, earth and fire.",,,,taxable,,backorder,,,0,0,.7,64,64,.1,1,,,20.00,"Magick Supplies > Altar Cloth, Magick Supplies",,,https://www.eclecticcharge.com/wp-content/uploads/2021/04/65x65cm-Triple-Moon-Pentacle-Altar-Cloth-1.jpg,,,,,,,,,0,Color,"Black, Gold",1,1,Material,Fabric,1,1
602,simple,,"4 Card Tarot Spread Altar Cloth",1,0,visible,"Useful for tarot spreads, this cotton altar cloth features corner tassels and white 'north', 'south', 'east' and 'west' designs for a four-card tarot spread. Use for tarot readings, creating a sacred altar space or as mystical home décor.",,,,taxable,,backorder,,,0,0,.7,70,70,.2,1,,,15.00,"Magick Supplies > Altar Cloth, Magick Supplies",,,https://www.eclecticcharge.com/wp-content/uploads/2021/04/4-Card-Tarot-Spread-Altar-Cloth-1.jpg,,,,,,,,,0,,,,,,,,
605,simple,,"Pentagram Altar Cloth",1,0,visible,"This cotton altar cloth with printed pentagram design is the perfect witchy item to decorate a sacred space. A flourished white border finishes off this contemporary style.",,,,taxable,,backorder,,,0,0,,70,70,.1,1,,,15,"Magick Supplies > Altar Cloth, Magick Supplies",,,"https://www.eclecticcharge.com/wp-content/uploads/2021/04/94x94cm-Large-Pentagram-Altar-Cloth-1.jpg, https://www.eclecticcharge.com/wp-content/uploads/2021/04/70x70cm-Pentagram-Altar-Cloth-2.jpg, https://www.eclecticcharge.com/wp-content/uploads/2021/04/70x70cm-Pentagram-Altar-Cloth-1.jpg",,,,,,,,,0,Color,Black,1,1,Material,Fabric,1,1
606,simple,,"Star Sign Altar Cloth",1,0,visible,"Look to the stars with this cotton altar cloth printed with a contemporary zodiac chart design. This astrological style is perfect for tarot, oracle cards, crystal and rune placement.",,,,taxable,,backorder,,,0,0,,70,70,.1,1,,,15,"Magick Supplies > Altar Cloth, Magick Supplies",,,"https://www.eclecticcharge.com/wp-content/uploads/2021/04/Star-Sign-Altar-Cloth-1.jpg, https://www.eclecticcharge.com/wp-content/uploads/2021/04/Star-Sign-Altar-Cloth-2.jpg",,,,,,,,,0,Color,Black,1,1,Material,Cotton,1,1
615,simple,,"Bronze Buddha Head Backflow Incense Burner",1,0,visible,"A thoughtfully designed backflow incense burner in a bronze buddha head design. When the cone is lit the smoke from the cone cascades downwards in a mesmerizing waterfall effect to pool at the bottom. Beautiful to watch.",,,,taxable,,1,5,,0,0,.149,9.5,6.5,6.5,1,,,15,"Meditative > Décor, Meditative",,,"https://www.eclecticcharge.com/wp-content/uploads/2021/04/Bronze-Buddha-Head-Backflow-Incense-Burner-1.jpg, https://www.eclecticcharge.com/wp-content/uploads/2021/04/Bronze-Buddha-Head-Backflow-Incense-Burner-3.jpg, https://www.eclecticcharge.com/wp-content/uploads/2021/04/Bronze-Buddha-Head-Backflow-Incense-Burner-2.jpg",,,,,,,,,0,Color,Bronze,1,1,Material,Resin,1,1
652,simple,,"Talking Board Altar Cloth",1,0,visible,"Connect with the other side with this cotton altar cloth printed with a contemporary talking board design. This fun, spirit board-inspired style is perfect for channeling powerful entities and decorating a sacred altar space.",,,,taxable,,backorder,,,0,0,.6,70,70,.1,1,,,15,"Magick Supplies > Altar Cloth, Magick Supplies",,,"https://www.eclecticcharge.com/wp-content/uploads/2021/04/70x70cm-Talking-Board-Altar-Cloth-1.jpg, https://www.eclecticcharge.com/wp-content/uploads/2021/04/70x70cm-Talking-Board-Altar-Cloth-2.jpg",,,,,,,,,0,Color,"Black, White",1,1,Material,Cotton,1,1
653,simple,,"Triple Moon Altar Cloth",1,0,visible,"Channel the power of the mother, maiden and crone with this cotton altar cloth with printed triple moon and pentagram design. A flourished white border finishes off this contemporary style.",,,,taxable,,backorder,,,0,0,.6,70,70,.1,1,,,15,"Magick Supplies > Altar Cloth, Magick Supplies",,,"https://www.eclecticcharge.com/wp-content/uploads/2021/04/0x70cm-Triple-Moon-Altar-Cloth-1.jpg, https://www.eclecticcharge.com/wp-content/uploads/2021/04/0x70cm-Triple-Moon-Altar-Cloth-2.jpg",,,,,,,,,0,Color,Black,1,1,Material,Cotton,1,1
696,simple,,"Black Ceramic Palmistry Hand Ornament",1,0,visible,"This cool take on a classic palmistry hand features metallic gold astrology symbols representing the Sun, Moon, Venus, Mars, Jupiter, Saturn and Mercury and mystical 'Your fate is in your hands' text. Can be used to hold rings and other accessories or on its own as a fun conversation piece.",,,,taxable,,1,18,,0,0,,20,10,5.5,1,,,20,"Home Decor > Décor, Home Decor",,,"https://www.eclecticcharge.com/wp-content/uploads/2021/04/Black-Ceramic-Palmistry-Hand-Ornament-1.jpg, https://www.eclecticcharge.com/wp-content/uploads/2021/04/Black-Ceramic-Palmistry-Hand-Ornament-2.jpg",,,,,,,,,0,Color,Black,1,1,Material,"New Bone China",1,1
698,simple,,"White Ceramic Palmistry Hand Ornament",1,0,visible,"This cool take on a classic palmistry hand features metallic gold astrology symbols representing the Sun, Moon, Venus, Mars, Jupiter, Saturn and Mercury and mystical 'Your fate is in your hands' text. Can be used to hold rings and other accessories or on its own as a fun conversation piece.",,,,taxable,,1,17,,0,0,,20,10,5.5,1,,,20,"Home Decor > Décor, Home Decor",,,"https://www.eclecticcharge.com/wp-content/uploads/2021/04/White-Ceramic-Palmistry-Hand-Ornament-1.jpg, https://www.eclecticcharge.com/wp-content/uploads/2021/04/White-Ceramic-Palmistry-Hand-Ornament-2.jpg, https://www.eclecticcharge.com/wp-content/uploads/2021/04/White-Ceramic-Palmistry-Hand-Ornament-3.jpg",,,,,,,,,0,Color,White,1,1,Material,"New Bone China",1,1
702,simple,,"Black Talking Board Trinket Dish",1,0,visible,"This ceramic trinket dish is inspired by a classic talking board and is the perfect size for holding jewelry and other small accessories.",,,,taxable,,backorder,,,0,0,.2,11.5,17,2,1,,,10.00,"Home Decor > Décor, Home Decor",,,"https://www.eclecticcharge.com/wp-content/uploads/2021/04/Black-Talking-Board-Trinket-Dish-1.jpg, https://www.eclecticcharge.com/wp-content/uploads/2021/04/Black-Talking-Board-Trinket-Dish-2.jpg",,,,,,,,,0,Color,Black,1,1,Material,"New Bone China",1,1
703,simple,,"Black Triple Moon Cut Out Oil Burner",1,0,visible,"This black ceramic oil burner features a cutout triple moon design and a cool, matt finish. Compatible with both fragrance oil and wax and perfect for Halloween or spooky décor!",,,,taxable,,0,,,0,0,.3,10,9,9,1,,,15,"Home Decor > Décor, Home Decor",,,"https://www.eclecticcharge.com/wp-content/uploads/2021/04/Black-Triple-Moon-Cut-Out-Oil-Burner-1.jpg, https://www.eclecticcharge.com/wp-content/uploads/2021/04/Black-Triple-Moon-Cut-Out-Oil-Burner-2.jpg, https://www.eclecticcharge.com/wp-content/uploads/2021/04/Black-Triple-Moon-Cut-Out-Oil-Burner-3.jpg",,,,,,,,,0,Color,Black,1,1,Material,Ceramic,1,1
705,simple,,"Hamsa Incense Holder Plate",1,0,visible,"Eye-catching incense stick holder plate with an intricate Hamsa design. This item has an antique copper effect finish and can hold one incense stick at a time.",,,,taxable,,1,10,,0,0,.218,2.5,12.5,12.5,1,,,20,"Meditative > Incense, Meditative",,,"https://www.eclecticcharge.com/wp-content/uploads/2021/04/Hamsa-Incense-Plate-1.jpg, https://www.eclecticcharge.com/wp-content/uploads/2021/04/Hamsa-Incense-Plate-2.jpg",,,,,,,,,0,Color,"Antique Copper",1,1,Material,Resin,1,1
707,simple,,"Chakra and Buddha Incense Holder",1,0,visible,"Antique bronze effect incense stick holder featuring the seven colours of the Chakra and a meditating Buddha. A striking and unique design that will make a great home decor ornament as much as a home scenting accessory.",,,,taxable,,1,3,,0,0,.411,23.5,6.5,7,1,,,25.00,"Meditative > Incense, Meditative",,,"https://www.eclecticcharge.com/wp-content/uploads/2021/04/Chakra-and-Buddha-Incense-Holder-3.jpg, https://www.eclecticcharge.com/wp-content/uploads/2021/04/Chakra-and-Buddha-Incense-Holder-2.jpg, https://www.eclecticcharge.com/wp-content/uploads/2021/04/Chakra-and-Buddha-Incense-Holder-1.jpg, https://www.eclecticcharge.com/wp-content/uploads/2021/04/Chakra-and-Buddha-Incense-Holder-4.jpg",,,,,,,,,0,Color,"Antique Bronze",1,1,Material,Resin,1,1
718,simple,,"Fortune Telling Ceramic Teacup",1,0,visible,"A stunning and unique tea cup to be used for reading tea leaves. Features a variety of fortune telling and astrological symbols accented by gold foil, a contrasting black saucer, and mystical 'Mysterious things I see when telling fortunes in tea' text. Comes with an informative leaflet. Truly a piece to be treasured.",,,,taxable,,1,19,,0,0,,18,18,18,1,,,30.00,"Home Decor > Dishware, Home Decor",,,"https://www.eclecticcharge.com/wp-content/uploads/2021/04/Fortune-Telling-Ceramic-Teacup-1.jpg, https://www.eclecticcharge.com/wp-content/uploads/2021/04/Fortune-Telling-Ceramic-Teacup-2.jpg",,,,,,,,,0,Color,"Black, Cream",1,1,Material,"New Bone China",1,1
721,simple,,"Flower of Life Altar Table",1,0,visible,"This beautifully finished altar table features a stunning Flower of Life design carved into mango wood. The removable legs are screwed onto the base during assembly to provide a robust and sturdy table. The intricate design and secure construction make this a great décor piece for the home.",,,,taxable,,0,,,0,0,3,23,30,30,1,,,60,"Magick Supplies > Altar Supplies, Magick Supplies",,,"https://www.eclecticcharge.com/wp-content/uploads/2021/04/Large-Flower-of-Life-Altar-Table-1.jpg, https://www.eclecticcharge.com/wp-content/uploads/2021/04/Large-Flower-of-Life-Altar-Table-2.jpg",,,,,,,,,0,Material,Wood,1,1,,,,
724,simple,,"Pentagram Altar Table",1,0,visible,"This beautifully finished altar table features a stunning pentagram design carved into mango wood. The removable legs are screwed onto the base during assembly to provide a robust and sturdy table. The intricate design and secure construction make this a great décor piece for the home.",,,,taxable,,0,,,0,0,3,23,30,30,1,,,60,"Magick Supplies > Altar Supplies, Magick Supplies",,,"https://www.eclecticcharge.com/wp-content/uploads/2021/04/Large-Pentagram-Altar-Table-1.jpg, https://www.eclecticcharge.com/wp-content/uploads/2021/04/Large-Pentagram-Altar-Table-2.jpg",,,,,,,,,0,Material,Wood,1,1,,,,
726,simple,,"Triple Moon Altar Table",1,0,visible,"This beautifully finished altar table features a stunning Triple Moon design carved into mango wood. The removable legs are screwed onto the base during assembly to provide a robust and sturdy table. The intricate design and secure construction make this a great décor piece for the home.",,,,taxable,,0,,,0,0,3,23,30,30,1,,,60,"Magick Supplies > Altar Supplies, Magick Supplies",,,"https://www.eclecticcharge.com/wp-content/uploads/2021/04/Large-Triple-Moon-Altar-Table-1.jpg, https://www.eclecticcharge.com/wp-content/uploads/2021/04/Large-Triple-Moon-Altar-Table-2.jpg",,,,,,,,,0,Material,Wood,1,1,,,,
727,simple,,"Triquetra Altar Table",1,0,visible,"Crafted from wood this traditional altar table features a Triquetra design.",,,,taxable,,0,,,0,0,2.055,21.1,30,30,1,,,60,"Magick Supplies > Altar Supplies, Magick Supplies",,,"https://www.eclecticcharge.com/wp-content/uploads/2021/04/Large-Triquetra-Altar-Table-1.jpg, https://www.eclecticcharge.com/wp-content/uploads/2021/04/Large-Triquetra-Altar-Table-2.jpg, https://www.eclecticcharge.com/wp-content/uploads/2021/04/Large-Triquetra-Altar-Table-3.jpg",,,,,,,,,0,Material,Wood,1,1,,,,
731,simple,,"Metatrons Cube Altar Cloth",1,0,visible,"This black and gold altar cloth features a Metatron's Cube design which is a symbol that represents balance in the universe and the journey of energy making it a popular choice for creating crystal grids.",,,,taxable,,0,,,0,0,.06,60,60,.1,1,,,20.00,"Magick Supplies > Altar Cloth, Magick Supplies",,,https://www.eclecticcharge.com/wp-content/uploads/2021/04/Metatrons-Cube-Altar-Cloth-1.jpg,,,,,,,,,0,Color,"Black, Gold",1,1,Material,Fabric,1,1
734,simple,,"Pack of 12 Black 'Protection' Spell Candles",1,0,visible,"Pack of 12 black spell candles for use with rituals to attract protection. Candle magic is one of the simplest forms of spell casting in which the caster decides on a goal, visualizes the end result and focuses intent or will to manifest that result.",,,,taxable,,1,5,,0,0,.11,10.3,7.3,2.5,1,,,11.00,"Magick Supplies > Candles, Magick Supplies",,,"https://www.eclecticcharge.com/wp-content/uploads/2021/04/Pack-of-12-Black-Protection-Spell-Candles-1.jpg, https://www.eclecticcharge.com/wp-content/uploads/2021/04/Pack-of-12-Black-Protection-Spell-Candles-2.jpg, https://www.eclecticcharge.com/wp-content/uploads/2021/04/Pack-of-12-Black-Protection-Spell-Candles-3.jpg, https://www.eclecticcharge.com/wp-content/uploads/2021/04/Pack-of-12-White-Happiness-Spell-Candles-4.jpg",,,,,,,,,0,Material,Wax,1,1,,,,
739,simple,,"Pack of 12 Blue 'Wisdom' Spell Candles",1,0,visible,"Pack of 12 dark blue spell candles for use with rituals to attract wisdom. Candle magic is one of the simplest forms of spell casting in which the caster decides on a goal, visualizes the end result and focuses intent or will to manifest that result.",,,,taxable,,1,5,,0,0,.11,10.3,7.3,2.5,1,,,11.00,"Magick Supplies > Candles, Magick Supplies",,,"https://www.eclecticcharge.com/wp-content/uploads/2021/04/Pack-of-12-Blue-Wisdom-Spell-Candles-1.jpg, https://www.eclecticcharge.com/wp-content/uploads/2021/04/Pack-of-12-Blue-Wisdom-Spell-Candles-2.jpg, https://www.eclecticcharge.com/wp-content/uploads/2021/04/Pack-of-12-Blue-Wisdom-Spell-Candles-3.jpg",,,,,,,,,0,Material,Wax,1,1,,,,
740,simple,,"Pack of 12 Green 'Luck' Spell Candles",1,0,visible,"Pack of 12 green spell candles for use with rituals to attract luck, money and even fertility. Candle magic is one of the simplest forms of spell casting in which the caster decides on a goal, visualizes the end result and focuses intent or will to manifest that result.",,,,taxable,,0,,,0,0,.11,10.3,7.3,2.5,1,,,11.00,"Magick Supplies > Candles, Magick Supplies",,,"https://www.eclecticcharge.com/wp-content/uploads/2021/04/Pack-of-12-Green-Luck-Spell-Candles-1.jpg, https://www.eclecticcharge.com/wp-content/uploads/2021/04/Pack-of-12-Green-Luck-Spell-Candles-2.jpg, https://www.eclecticcharge.com/wp-content/uploads/2021/04/Pack-of-12-Green-Luck-Spell-Candles-3.jpg",,,,,,,,,0,Material,Wax,1,1,,,,
741,simple,,"Pack of 12 Light Blue 'Peace' Spell Candles",1,0,visible,"Pack of 12 light blue spell candles for use with rituals to attract peace. Candle magic is one of the simplest forms of spell casting in which the caster decides on a goal, visualizes the end result and focuses intent or will to manifest that result.",,,,taxable,,1,5,,0,0,.11,10.3,7.3,2.5,1,,,11.00,"Magick Supplies > Candles, Magick Supplies",,,"https://www.eclecticcharge.com/wp-content/uploads/2021/04/Pack-of-12-Light-Blue-Peace-Spell-Candles-1-1.jpg, https://www.eclecticcharge.com/wp-content/uploads/2021/04/Pack-of-12-Light-Blue-Peace-Spell-Candles-2-1.jpg, https://www.eclecticcharge.com/wp-content/uploads/2021/04/Pack-of-12-Light-Blue-Peace-Spell-Candles-3-1.jpg",,,,,,,,,0,Material,Wax,1,1,,,,
745,simple,,"Pack of 12 Mixed Spell Candles",1,0,visible,"Pack of 12 mixed spell candles containing these colors; 2x black, 2x white, 1x purple, 1x dark blue, 1x light blue, 1x orange, 1x green, 1x red, 1x yellow and 1x pink candle. Made from paraffin wax.",,,,taxable,,1,5,,0,0,.11,10.3,7.3,2.5,1,,,11.00,"Magick Supplies > Candles, Magick Supplies",,,"https://www.eclecticcharge.com/wp-content/uploads/2021/04/Pack-of-12-Mixed-Spell-Candles-1.jpg, https://www.eclecticcharge.com/wp-content/uploads/2021/04/Pack-of-12-Mixed-Spell-Candles-2.jpg, https://www.eclecticcharge.com/wp-content/uploads/2021/04/Pack-of-12-Mixed-Spell-Candles-3.jpg, https://www.eclecticcharge.com/wp-content/uploads/2021/04/Pack-of-12-White-Happiness-Spell-Candles-4.jpg",,,,,,,,,0,Material,Wax,1,1,,,,
746,simple,,"Pack of 12 Orange 'Confidence' Spell Candles",1,0,visible,"Pack of 12 orange spell candles for use with rituals to attract confidence, ambition and creativity. Candle magic is one of the simplest forms of spell casting in which the caster decides on a goal, visualizes the end result and focuses intent or will to manifest that result.",,,,taxable,,1,5,,0,0,.11,10.3,7.3,2.5,1,,,11.00,"Magick Supplies > Candles, Magick Supplies",,,"https://www.eclecticcharge.com/wp-content/uploads/2021/04/Pack-of-12-Orange-Confidence-Spell-Candles-1.jpg, https://www.eclecticcharge.com/wp-content/uploads/2021/04/Pack-of-12-Orange-Confidence-Spell-Candles-2.jpg, https://www.eclecticcharge.com/wp-content/uploads/2021/04/Pack-of-12-Orange-Confidence-Spell-Candles-3.jpg",,,,,,,,,0,Material,Wax,1,1,,,,
747,simple,.11,"Pack of 12 Pink 'Friendship' Spell Candles",1,0,visible,"Pack of 12 pink spell candles for use with rituals to attract friendship, emotional well-being and matters of the heart. Candle magic is one of the simplest forms of spell casting in which the caster decides on a goal, visualizes the end result and focuses intent or will to manifest that result.",,,,taxable,,0,,,0,0,,10.3,7.3,2.5,1,,,11.00,"Magick Supplies > Candles, Magick Supplies",,,"https://www.eclecticcharge.com/wp-content/uploads/2021/04/Pack-of-12-Pink-Friendship-Spell-Candles-1.jpg, https://www.eclecticcharge.com/wp-content/uploads/2021/04/Pack-of-12-Pink-Friendship-Spell-Candles-3.jpg, https://www.eclecticcharge.com/wp-content/uploads/2021/04/Pack-of-12-Pink-Friendship-Spell-Candles-2.jpg",,,,,,,,,0,Material,Wax,1,1,,,,
748,simple,,"Pack of 12 Purple 'Prosperity' Spell Candles",1,0,visible,"Pack of 12 purple spell candles for use with rituals for prosperity, ambition and power. Candle magic is one of the simplest forms of spell casting in which the caster decides on a goal, visualizes the end result and focuses intent or will to manifest that result.",,,,taxable,,1,5,,0,0,.11,10.3,7.3,2.5,1,,,11.00,"Magick Supplies > Candles, Magick Supplies",,,"https://www.eclecticcharge.com/wp-content/uploads/2021/04/Pack-of-12-Purple-Prosperity-Spell-Candles-1.jpg, https://www.eclecticcharge.com/wp-content/uploads/2021/04/Pack-of-12-Purple-Prosperity-Spell-Candles-2.jpg, https://www.eclecticcharge.com/wp-content/uploads/2021/04/Pack-of-12-Purple-Prosperity-Spell-Candles-3.jpg",,,,,,,,,0,Material,Wax,1,1,,,,
749,simple,,"Pack of 12 Red 'Love' Spell Candles",1,0,visible,"Pack of 12 red spell candles for use with rituals to attract love, sex and vitality. Candle magic is one of the simplest forms of spell casting in which the caster decides on a goal, visualizes the end result and focuses intent or will to manifest that result.",,,,taxable,,0,,,0,0,.11,10.3,7.3,2.5,1,,,11.00,"Magick Supplies > Candles, Magick Supplies",,,"https://www.eclecticcharge.com/wp-content/uploads/2021/04/Pack-of-12-Red-Love-Spell-Candles-1.jpg, https://www.eclecticcharge.com/wp-content/uploads/2021/04/Pack-of-12-Red-Love-Spell-Candles-2.jpg, https://www.eclecticcharge.com/wp-content/uploads/2021/04/Pack-of-12-Red-Love-Spell-Candles-3.jpg",,,,,,,,,0,Material,Wax,1,1,,,,
750,simple,,"Pack of 12 White 'Happiness' Spell Candles",1,0,visible,"Pack of 12 white spell candles for use with rituals to attract happiness, new beginnings and spiritual growth. Candle magic is one of the simplest forms of spell casting in which the caster decides on a goal, visualizes the end result and focuses intent or will to manifest that result.",,,,taxable,,1,5,,0,0,.11,10.3,7.3,2.5,1,,,11.00,"Magick Supplies > Candles, Magick Supplies",,,"https://www.eclecticcharge.com/wp-content/uploads/2021/04/Pack-of-12-White-Happiness-Spell-Candles-1.jpg, https://www.eclecticcharge.com/wp-content/uploads/2021/04/Pack-of-12-White-Happiness-Spell-Candles-2.jpg, https://www.eclecticcharge.com/wp-content/uploads/2021/04/Pack-of-12-White-Happiness-Spell-Candles-3.jpg, https://www.eclecticcharge.com/wp-content/uploads/2021/04/Pack-of-12-White-Happiness-Spell-Candles-4.jpg",,,,,,,,,0,Material,Wax,1,1,,,,
751,simple,,"Pack of 6 Blue Beeswax Spell Candles",1,0,visible,"A box of 6 blue Blessed Bee beeswax candles useful for spellwork involving protection and wisdom. Light, natural scent. Approximate burn time of 1 hour.",,,,taxable,,0,,,0,0,.056,11,5.5,3,1,,,13.00,"Magick Supplies > Candles, Magick Supplies",,,"https://www.eclecticcharge.com/wp-content/uploads/2021/04/Pack-of-6-Blue-Beeswax-Spell-Candles-1.jpg, https://www.eclecticcharge.com/wp-content/uploads/2021/04/Pack-of-6-Blue-Beeswax-Spell-Candles-2.jpg, https://www.eclecticcharge.com/wp-content/uploads/2021/04/Pack-of-6-Blue-Beeswax-Spell-Candles-3.jpg",,,,,,,,,0,Material,Wax,1,1,,,,
753,simple,,"Pack of 12 Yellow 'Success' Spell Candles",1,0,visible,"Pack of 12 yellow spell candles for use with rituals to attract success, focus and intuition. Candle magic is one of the simplest forms of spell casting in which the caster decides on a goal, visualizes the end result and focuses intent or will to manifest that result.",,,,taxable,,0,,,0,0,.11,10.3,7.3,2.5,1,,,11.00,"Magick Supplies > Candles, Magick Supplies",,,"https://www.eclecticcharge.com/wp-content/uploads/2021/04/Pack-of-12-Yellow-Success-Spell-Candles-1.jpg, https://www.eclecticcharge.com/wp-content/uploads/2021/04/Pack-of-12-Yellow-Success-Spell-Candles-2.jpg, https://www.eclecticcharge.com/wp-content/uploads/2021/04/Pack-of-12-Yellow-Success-Spell-Candles-3.jpg",,,,,,,,,0,Material,Wax,1,1,,,,
754,simple,,"Pack of 6 Brown Beeswax Spell Candles",1,0,visible,"A box of 6 brown Blessed Bee beeswax candles useful for spellwork involving stability and family. Light, natural scent. Approximate burn time of 1 hour.\n\n100% linen wick. Non-toxic. Do not ingest.",,,,taxable,,1,5,,0,0,.056,11,5.5,3,1,,,13.00,"Magick Supplies > Candles, Magick Supplies",,,"https://www.eclecticcharge.com/wp-content/uploads/2021/04/Pack-of-6-Brown-Beeswax-Spell-Candles-1.jpg, https://www.eclecticcharge.com/wp-content/uploads/2021/04/Pack-of-6-Brown-Beeswax-Spell-Candles-2.jpg, https://www.eclecticcharge.com/wp-content/uploads/2021/04/Pack-of-6-Brown-Beeswax-Spell-Candles-3.jpg",,,,,,,,,0,Material,Wax,1,1,,,,
755,simple,,"Pack of 6 Green Beeswax Spell Candles",1,0,visible,"A box of 6 green Blessed Bee beeswax candles useful for spellwork involving luck and vitality. Light, natural scent. Approximate burn time of 1 hour\n\n100% linen wick. Non-toxic. Do not ingest.",,,,taxable,,1,5,,0,0,.056,11,5.5,3,1,,,13.00,"Magick Supplies > Candles, Magick Supplies",,,"https://www.eclecticcharge.com/wp-content/uploads/2021/04/Pack-of-6-Green-Beeswax-Spell-Candles-1.jpg, https://www.eclecticcharge.com/wp-content/uploads/2021/04/Pack-of-6-Green-Beeswax-Spell-Candles-2.jpg, https://www.eclecticcharge.com/wp-content/uploads/2021/04/Pack-of-6-Green-Beeswax-Spell-Candles-3.jpg",,,,,,,,,0,Material,Wax,1,1,,,,
756,simple,,"Pack of 6 Orange Beeswax Spell Candles",1,0,visible,"A box of 6 orange Blessed Bee beeswax candles useful for spellwork involving confidence and power. Light, natural scent. Approximate burn time of 1 hour.\n\n100% linen wick. Non-toxic. Do not ingest.",,,,taxable,,1,5,,0,0,.056,11,5.5,3,1,,,13.00,"Magick Supplies > Candles, Magick Supplies",,,"https://www.eclecticcharge.com/wp-content/uploads/2021/04/Pack-of-6-Orange-Beeswax-Spell-Candles-1.jpg, https://www.eclecticcharge.com/wp-content/uploads/2021/04/Pack-of-6-Orange-Beeswax-Spell-Candles-2.jpg, https://www.eclecticcharge.com/wp-content/uploads/2021/04/Pack-of-6-Orange-Beeswax-Spell-Candles-3.jpg",,,,,,,,,0,Material,Wax,1,1,,,,
757,simple,,"Pack of 6 Pink Beeswax Spell Candles",1,0,visible,"A box of 6 pink Blessed Bee beeswax candles useful for spellwork involving love and friendship. Light, natural scent. Approximate burn time of 1 hour.\n\n100% linen wick. Non-toxic. Do not ingest.",,,,taxable,,1,5,,0,0,.056,11,5.5,3,1,,,13.00,"Magick Supplies > Candles, Magick Supplies",,,"https://www.eclecticcharge.com/wp-content/uploads/2021/04/Pack-of-6-Pink-Beeswax-Spell-Candles-1.jpg, https://www.eclecticcharge.com/wp-content/uploads/2021/04/Pack-of-6-Pink-Beeswax-Spell-Candles-2.jpg, https://www.eclecticcharge.com/wp-content/uploads/2021/04/Pack-of-6-Pink-Beeswax-Spell-Candles-3.jpg",,,,,,,,,0,Material,Wax,1,1,,,,
760,simple,,"Pack of 6 Red Beeswax Spell Candles",1,0,visible,"A box of 6 red Blessed Bee beeswax candles useful for spellwork involving love and courage. Light, natural scent. Approximate burn time of 1 hour.\n\n100% linen wick. Non-toxic. Do not ingest.",,,,taxable,,1,5,,0,0,.056,11,5.5,3,1,,,13.00,"Magick Supplies > Candles, Magick Supplies",,,"https://www.eclecticcharge.com/wp-content/uploads/2021/04/Pack-of-6-Red-Beeswax-Spell-Candles-1.jpg, https://www.eclecticcharge.com/wp-content/uploads/2021/04/Pack-of-6-Red-Beeswax-Spell-Candles-2.jpg, https://www.eclecticcharge.com/wp-content/uploads/2021/04/Pack-of-6-Red-Beeswax-Spell-Candles-3.jpg",,,,,,,,,0,Material,Wax,1,1,,,,
761,simple,,"Pack of 6 White Beeswax Spell Candles",1,0,visible,"A box of 6 white Blessed Bee beeswax candles useful for spellwork involving peace and happiness. Light, natural scent. Approximate burn time of 1 hour.\n\n100% linen wick. Non-toxic. Do not ingest.",,,,taxable,,1,5,,0,0,.056,11,5.5,3,1,,,13.00,"Magick Supplies > Candles, Magick Supplies",,,"https://www.eclecticcharge.com/wp-content/uploads/2021/04/Pack-of-6-White-Beeswax-Spell-Candles-1.jpg, https://www.eclecticcharge.com/wp-content/uploads/2021/04/Pack-of-6-White-Beeswax-Spell-Candles-2.jpg, https://www.eclecticcharge.com/wp-content/uploads/2021/04/Pack-of-6-White-Beeswax-Spell-Candles-3.jpg",,,,,,,,,0,Material,Wax,1,1,,,,
764,simple,,"Palmistry Resin Ash Catcher",1,0,visible,"This mystical incense ash catcher will appeal to a wide range of customers with its modern design. This cool take on a classic palmistry hand features grey palm lines with gold astrology symbols representing the Sun, Moon, Venus, Mars, Jupiter, Saturn and Mercury. Made of durable resin for burning incense sticks.",,,,taxable,,0,,,0,0,,20,9,1,1,,,10.00,"Home Decor > Décor, Home Decor",,,"https://www.eclecticcharge.com/wp-content/uploads/2021/04/Palmistry-Resin-Ash-Catcher-1.jpg, https://www.eclecticcharge.com/wp-content/uploads/2021/04/Palmistry-Resin-Ash-Catcher-3.jpg, https://www.eclecticcharge.com/wp-content/uploads/2021/04/Palmistry-Resin-Ash-Catcher-2.jpg",,,,,,,,,0,Color,Black,1,1,Material,Resin,1,1
768,simple,,"Pentagram Spell Candle Holder",1,0,visible,"Featuring a Pentagram design, this candle holder is perfectly sized for holding a single spell candle whilst it burns during casting.",,,,taxable,,0,,,0,0,.023,1.5,5,5,1,,,3,"Magick Supplies > Candles, Magick Supplies",,,"https://www.eclecticcharge.com/wp-content/uploads/2021/04/Pentagram-Spell-Candle-Holder-1.jpg, https://www.eclecticcharge.com/wp-content/uploads/2021/04/Pentagram-Spell-Candle-Holder-2.jpg",,,,,,,,,0,Color,Black,1,1,Material,MDF,1,1
769,simple,,"Pentagram Tea Light Candle Holder",1,0,visible,"<div class=""product-description"">Lovely wooden tealight candle holder featuring a pentagram star design.</div>",,,,taxable,,0,,,0,0,.148,3,16,16,1,,,10,"Magick Supplies > Candles, Magick Supplies",,,"https://www.eclecticcharge.com/wp-content/uploads/2021/04/Pentagram-Tea-Light-Candle-Holder-1.jpg, https://www.eclecticcharge.com/wp-content/uploads/2021/04/Pentagram-Tea-Light-Candle-Holder-2.jpg",,,,,,,,,0,Material,Wood,1,1,,,,
773,simple,,"Purple Tarot Hands Drawstring Pouch",1,0,visible,"This velvet drawstring bag is the perfect place to keep tarot decks and oracle cards when not in use. Soft and luxurious with a stunning white and gold illustration of a crescent moon and open hands on the front.",,,,taxable,,0,,,0,0,,20,13,0.5,1,,,10.00,"Magick Supplies > Cards, Magick Supplies",,,"https://www.eclecticcharge.com/wp-content/uploads/2021/04/Purple-Tarot-Hands-Drawstring-Pouch-1.jpg, https://www.eclecticcharge.com/wp-content/uploads/2021/04/Purple-Tarot-Hands-Drawstring-Pouch-2.jpg, https://www.eclecticcharge.com/wp-content/uploads/2021/04/Purple-Tarot-Hands-Drawstring-Pouch-3.jpg",,,,,,,,,0,Color,Purple,1,1,Material,"Fabric and Polyester",1,1
778,simple,,"Resin Palmistry Incense Holder",1,0,visible,"This black resin incense holder comes in the shape of a hand with palmistry designs throughout and is compatible with both incense sticks and cones.",,,,taxable,,1,6,,0,0,,8,4,1,1,,,13,"Home Decor > Décor, Home Decor, Meditative > Incense",,,"https://www.eclecticcharge.com/wp-content/uploads/2021/04/Resin-Palmistry-Incense-Holder-1.jpg, https://www.eclecticcharge.com/wp-content/uploads/2021/04/Resin-Palmistry-Incense-Holder-2.jpg",,,,,,,,,0,Color,Black,1,1,Material,Resin,1,1
779,simple,,"Resting Witch Face Stemless Wine Glass",1,0,visible,"This frosted black stemless wineglass features the words 'Resting Witch Face' and is part of our exclusive Black Magic collection designed for sassy and strong women. The glass comes presented in a matching cardboard box. Not suitable for dishwasher or microwave use.",,,,taxable,,1,12,,0,0,.185,9,9,12,1,,,20,"Home Decor > Dishware, Home Decor",,,"https://www.eclecticcharge.com/wp-content/uploads/2021/04/Resting-Witch-Face-Stemless-Wine-Glass-1.jpg, https://www.eclecticcharge.com/wp-content/uploads/2021/04/Resting-Witch-Face-Stemless-Wine-Glass-2.jpg, https://www.eclecticcharge.com/wp-content/uploads/2021/04/Resting-Witch-Face-Stemless-Wine-Glass-3.jpg",,,,,,,,,0,Color,Black,1,1,Material,Glass,1,1
781,simple,,"Sitting Thai Buddha",1,0,visible,"This beautiful turquoise ceramic sitting Thai Buddha has an intentional antique effect and will come exactly like the picture.",,,,taxable,,0,,,0,0,.58,20,15.5,10,1,,,20,"Meditative > Décor, Meditative",,,"https://www.eclecticcharge.com/wp-content/uploads/2021/04/Sitting-Thai-Buddha-1.jpg, https://www.eclecticcharge.com/wp-content/uploads/2021/04/Sitting-Thai-Buddha-3.jpg, https://www.eclecticcharge.com/wp-content/uploads/2021/04/Sitting-Thai-Buddha-2.jpg",,,,,,,,,0,Color,Turquoise,1,1,Material,Ceramic,1,1
785,simple,,"Small Grey Buddha Head Oil Burner",1,0,visible,"This small, ceramic Buddha head oil burner comes in a silky, grey finish and is sure to be a customer favorite. Compatible with both fragrance oils and wax melts to create a calming atmosphere in the home.",,,,taxable,,0,,,0,0,,10,10,11,1,,,15,Meditative,,,"https://www.eclecticcharge.com/wp-content/uploads/2021/04/Small-Grey-Buddha-Head-Oil-Burner-1.jpg, https://www.eclecticcharge.com/wp-content/uploads/2021/04/Small-Grey-Buddha-Head-Oil-Burner-2.jpg, https://www.eclecticcharge.com/wp-content/uploads/2021/04/Small-Grey-Buddha-Head-Oil-Burner-3-1.jpg, https://www.eclecticcharge.com/wp-content/uploads/2021/04/Small-Grey-Buddha-Head-Oil-Burner-4-1.jpg",,,,,,,,,0,Color,Gray,1,1,Material,Ceramic,1,1
791,simple,,"Talking Board Spell Candle Holder",1,0,visible,"Inspired by a talking or spirit board design, this candle holder is perfectly sized for holding a single spell candle whilst it burns during casting.",,,,taxable,,1,12,,0,0,.018,1.5,4,5.5,1,,,10.00,"Meditative > Candles, Home Decor > Décor, Home Decor",,,"https://www.eclecticcharge.com/wp-content/uploads/2021/04/Talking-Board-Spell-Candle-Holder-1.jpg, https://www.eclecticcharge.com/wp-content/uploads/2021/04/Talking-Board-Spell-Candle-Holder-2.jpg",,,,,,,,,0,Color,Black,1,1,Material,MDF,1,1
792,simple,,"Tall Chakra Candle",1,0,visible,"Tall candle with different colored wax for each of the seven different chakras. The candle is presented in a tall glass holder with each chakra symbol over the relevant color of wax. This candle would make a lovely gift for someone who enjoys yoga or reiki to help enhance their spiritual and physical wellbeing.",,,,taxable,,0,,,0,0,.643,20.5,5.5,5.5,1,,,15,"Meditative > Candles, Meditative",,,https://www.eclecticcharge.com/wp-content/uploads/2021/04/Tall-Chakra-Candle-1.jpg,,,,,,,,,0,Material,Wax,1,1,,,,
793,simple,,"The Light Seer's Tarot Cards",1,0,visible,"<div id=""ctl00_ctl00_InsideWrapperContent_mainContent_Body_Product_ctl03_ctl05"" data-jtmplid=""ctl00_ctl00_InsideWrapperContent_mainContent_Body_Product_ctl03_ctl05_jtmpl"" data-pd-variation-render="""">\n<div class=""product-description"">The Light Seer's Tarot card deck by Chris-Anne Donnelly includes a 78-card deck and helpful guidebook. This deck explores the power of light and darkness to help the user better understand their true nature. Beautifully presented in an illustrated box.</div>\n</div>",,,,taxable,,1,5,,0,0,,3.5,8,5.5,1,,,25,"Magick Supplies > Cards, Magick Supplies",,,"https://www.eclecticcharge.com/wp-content/uploads/2021/04/The-Light-Seers-Tarot-Cards-1.jpg, https://www.eclecticcharge.com/wp-content/uploads/2021/04/The-Light-Seers-Tarot-Cards-3.jpg, https://www.eclecticcharge.com/wp-content/uploads/2021/04/The-Light-Seers-Tarot-Cards-2.jpg",,,,,,,,,0,Material,Paper,1,1,,,,
794,simple,,"The Moon Tarot Card Zippered Bag",1,0,visible,"This velvet zipper pouch is the perfect place to keep tarot decks, crystals, beauty products and other treasures. Features a stunning white and gold moon tarot card illustration on the front and a matching tassel and crescent moon charm on the zipper.",,,,taxable,,backorder,,,0,0,,15,20,.75,1,,,10,"Magick Supplies > Cards, Magick Supplies",,,"https://www.eclecticcharge.com/wp-content/uploads/2021/04/The-Moon-Tarot-Card-Zippered-Bag-1.jpg, https://www.eclecticcharge.com/wp-content/uploads/2021/04/The-Moon-Tarot-Card-Zippered-Bag-2.jpg",,,,,,,,,0,Color,Black,1,1,Material,"Fabric and Polyester",1,1
795,simple,,"The Muse Tarot Cards",1,0,visible,"The Muse Tarot card deck by Chris-Anne Donnelly includes a 78-card deck and helpful guidebook. This deck utilizes the power of emotions to guide the user in exploring their inner self. Beautifully presented in an illustrated box.",,,,taxable,,1,5,,0,0,.37,13,8,5,1,,,25,"Magick Supplies > Cards, Magick Supplies",,,"https://www.eclecticcharge.com/wp-content/uploads/2021/04/The-Muse-Tarot-Cards-1.jpg, https://www.eclecticcharge.com/wp-content/uploads/2021/04/The-Muse-Tarot-Cards-3.jpg, https://www.eclecticcharge.com/wp-content/uploads/2021/04/The-Muse-Tarot-Cards-2.jpg",,,,,,,,,0,Material,Paper,1,1,,,,
796,simple,,"The Starseed Oracle Cards",1,0,visible,"This oracle card deck from Rebecca Campbell is accompanied by the stunning artwork of Danielle Noel. The Starseed Oracle includes a 53-card deck and guidebook to help you connect to your cosmic origins as a Starseed Soul.",,,,taxable,,1,5,,0,0,,14,10,5,1,,,25,"Magick Supplies > Cards, Magick Supplies",,,"https://www.eclecticcharge.com/wp-content/uploads/2021/04/The-Starseed-Oracle-Cards-1.jpg, https://www.eclecticcharge.com/wp-content/uploads/2021/04/The-Starseed-Oracle-Cards-2.jpg, https://www.eclecticcharge.com/wp-content/uploads/2021/04/The-Starseed-Oracle-Cards-4.jpg, https://www.eclecticcharge.com/wp-content/uploads/2021/04/The-Starseed-Oracle-Cards-3.jpg",,,,,,,,,0,Material,Paper,1,1,,,,
810,simple,,"White Witch Cauldron Mug",1,0,visible,"<div id=""ctl00_ctl00_InsideWrapperContent_mainContent_Body_Product_ctl03_ctl05"" data-jtmplid=""ctl00_ctl00_InsideWrapperContent_mainContent_Body_Product_ctl03_ctl05_jtmpl"" data-pd-variation-render="""">\n<div class=""product-description"">This brilliant white mug is designed to look like a cauldron and features the words 'White Witch'. The mug will come in a matching cardboard box. Suitable for microwave or dishwasher use.</div>\n</div>",,,,taxable,,1,12,,0,0,,10,10,10,1,,,20,"Home Decor > Dishware, Home Decor",,,"https://www.eclecticcharge.com/wp-content/uploads/2021/04/White-Witch-Cauldron-Mug-1.jpg, https://www.eclecticcharge.com/wp-content/uploads/2021/04/White-Witch-Cauldron-Mug-2.jpg, https://www.eclecticcharge.com/wp-content/uploads/2021/04/White-Witch-Cauldron-Mug-4.jpg, https://www.eclecticcharge.com/wp-content/uploads/2021/04/White-Witch-Cauldron-Mug-3.jpg",,,,,,,,,0,Color,White,1,1,Material,"New Bone China",1,1
811,simple,,"Witches Brew Black Ceramic Tea Pot",1,0,visible,"This ceramic 'Witches Brew' cauldron teapot is sure to delight guests at tea time. Holds approximately 550ml, equivalent to about 2 cups of tea.",,,,taxable,,1,12,,0,0,.42,13,18.5,11.5,1,,,30.00,"Home Decor > Dishware, Home Decor",,,"https://www.eclecticcharge.com/wp-content/uploads/2021/04/Witches-Brew-Black-Ceramic-Tea-Pot-1.jpg, https://www.eclecticcharge.com/wp-content/uploads/2021/04/Witches-Brew-Black-Ceramic-Tea-Pot-2.jpg, https://www.eclecticcharge.com/wp-content/uploads/2021/04/Witches-Brew-Black-Ceramic-Tea-Pot-3.jpg, https://www.eclecticcharge.com/wp-content/uploads/2021/04/Witches-Brew-Black-Ceramic-Tea-Pot-4.jpg",,,,,,,,,0,Material,Ceramic,1,1,,,,
812,simple,,"Witches Brew Cauldron Mug",1,0,visible,"This brilliant black mug is designed to look like a cauldron and features the words 'Witches Brew'. The mug will come in a matching cardboard box. Suitable for microwave or dishwasher use.",,,,taxable,,0,,,0,0,.304,10,10,10,1,,,15,"Home Decor > Dishware, Home Decor",,,"https://www.eclecticcharge.com/wp-content/uploads/2021/04/Witches-Brew-Cauldron-Mug-1.jpg, https://www.eclecticcharge.com/wp-content/uploads/2021/04/Witches-Brew-Cauldron-Mug-2.jpg, https://www.eclecticcharge.com/wp-content/uploads/2021/04/Witches-Brew-Cauldron-Mug-4.jpg, https://www.eclecticcharge.com/wp-content/uploads/2021/04/Witches-Brew-Cauldron-Mug-3.jpg",,,,,,,,,0,Material,"New Bone China",1,1,,,,
813,simple,,"Witches Brew Ceramic Cauldron Tea Set",1,0,visible,"This enlarged version of our popular Witches Brew Teapot hold multiples cups of tea. A matching set of four cauldron tea cups finishes off this mystical tea set that's sure to catch everyone's eye. Each teacup holds approximately 8 oz.",,,,taxable,,0,,,0,0,2,20,26,15,1,,,70,"Home Decor > Dishware, Home Decor",,,"https://www.eclecticcharge.com/wp-content/uploads/2021/04/Witches-Brew-Ceramic-Cauldron-Tea-Set-1.jpg, https://www.eclecticcharge.com/wp-content/uploads/2021/04/Witches-Brew-Ceramic-Cauldron-Tea-Set-2.jpg, https://www.eclecticcharge.com/wp-content/uploads/2021/04/Witches-Brew-Ceramic-Cauldron-Tea-Set-3.jpg",,,,,,,,,0,Material,"New Bone China",1,1,,,,
815,simple,,"Witches Broth Cauldron Soup Bowl with Broom Spoon",1,0,visible,"This adorable Witches Broth Cauldron Soup Bowl is the perfect companion to our bestselling Witches Brew Cauldron Mug. With a removable lid and matching witches broom spoon. Do not microwave. Dishwasher safe.",,,,taxable,,1,9,,0,0,.505,14,14,11,1,,,20,"Home Decor > Dishware, Home Decor",,,"https://www.eclecticcharge.com/wp-content/uploads/2021/04/Witches-Broth-Cauldron-Soup-Bowl-with-Broom-Spoon-1-1.jpg, https://www.eclecticcharge.com/wp-content/uploads/2021/04/Witches-Broth-Cauldron-Soup-Bowl-with-Broom-Spoon-2-1.jpg, https://www.eclecticcharge.com/wp-content/uploads/2021/04/Witches-Broth-Cauldron-Soup-Bowl-with-Broom-Spoon-3-1.jpg, https://www.eclecticcharge.com/wp-content/uploads/2021/04/Witches-Broth-Cauldron-Soup-Bowl-with-Broom-Spoon-4-1.jpg",,,,,,,,,0,Material,"New Bone China",1,1,,,,
816,simple,,"Work Your Light Oracle Cards",1,0,visible,"<div id=""ctl00_ctl00_InsideWrapperContent_mainContent_Body_Product_ctl03_ctl05"" data-jtmplid=""ctl00_ctl00_InsideWrapperContent_mainContent_Body_Product_ctl03_ctl05_jtmpl"" data-pd-variation-render="""">\n<div class=""product-description"">\n<div id=""ctl00_ctl00_InsideWrapperContent_mainContent_Body_Product_ctl03_ctl05"" data-jtmplid=""ctl00_ctl00_InsideWrapperContent_mainContent_Body_Product_ctl03_ctl05_jtmpl"" data-pd-variation-render="""">\n<div class=""product-description"">\n<div id=""ctl00_ctl00_InsideWrapperContent_mainContent_Body_Product_ctl03_ctl05"" data-jtmplid=""ctl00_ctl00_InsideWrapperContent_mainContent_Body_Product_ctl03_ctl05_jtmpl"" data-pd-variation-render=""""></div>\nThe Work Your Light Oracle card deck by Rebecca Campbell includes a 44-card deck and guidebook. This deck offers positive light and guidance for the user's inner self. Illustrated by Danielle Noel and beautifully presented in a matching box.</div>\n</div>\n</div>\n</div>",,,,taxable,,1,5,,0,0,,14,13,9,1,,,25,"Magick Supplies > Cards, Magick Supplies",,,"https://www.eclecticcharge.com/wp-content/uploads/2021/04/Work-Your-Light-Oracle-Cards-1-1.jpg, https://www.eclecticcharge.com/wp-content/uploads/2021/04/Work-Your-Light-Oracle-Cards-3-1.jpg, https://www.eclecticcharge.com/wp-content/uploads/2021/04/Work-Your-Light-Oracle-Cards-2-1.jpg",,,,,,,,,0,Material,Paper,1,1,,,,
1159,simple,,"Moonology Oracle Cards",1,0,visible,"The Moonology Oracle card deck by Yasmin Boland includes a 44-card deck and guidebook. This deck captures the power of the moon in order to guide the user on their spiritual path. Beautifully presented and illustrated by Nyx Rowan.",,,,taxable,,backorder,,,0,0,,13.5,10,14,1,,,20,"Magick Supplies > Cards, Magick Supplies",,,"https://www.eclecticcharge.com/wp-content/uploads/2021/04/Moonology-1.jpg, https://www.eclecticcharge.com/wp-content/uploads/2021/04/Moonology-2.jpg, https://www.eclecticcharge.com/wp-content/uploads/2021/04/Moonology-3.jpg",,,,,,,,,0,Material,Paper,1,1,,,,
1164,simple,,"White Light Oracle Cards",1,0,visible,"White light holds all the frequencies needed for healing ourselves, each other, our planet, and all her precious creatures. It is divine medicine for the soul, empowering the heart, clarifying the mind, and awakening higher consciousness.",,,,taxable,,1,5,,0,0,,9.5,14,,1,,,25,"Magick Supplies > Cards, Magick Supplies",,,"https://www.eclecticcharge.com/wp-content/uploads/2021/04/White-Light-Oracle-Card-1.jpg, https://www.eclecticcharge.com/wp-content/uploads/2021/04/White-Light-Oracle-Card-2.jpg",,,,,,,,,0,Material,Paper,1,1,,,,
1167,simple,,"Black Tarot Readings Drawstring Pouch",1,0,visible,"This velvet drawstring bag is the perfect place to keep tarot decks and oracle cards when not in use. Soft and luxurious with gold 'Tarot Readings' text on the front.",,,,taxable,,0,,,0,0,,20,13,.5,1,,,10,"Magick Supplies > Cards, Magick Supplies",,,"https://www.eclecticcharge.com/wp-content/uploads/2021/04/Black-Tarot-Readings-Drawstring-Pouch-1.jpg, https://www.eclecticcharge.com/wp-content/uploads/2021/04/Black-Tarot-Readings-Drawstring-Pouch-3.jpg",,,,,,,,,0,Color,Black,1,1,Material,"Fabric and Polyester",1,1
1171,simple,,"Moon Tarot Card Drawstring Pouch",1,0,visible,"This velvet drawstring bag is the perfect place to keep tarot decks and oracle cards when not in use. Soft and luxurious with a stunning white and gold tarot card illustration on the front.",,,,taxable,,0,,,0,0,,20,13,.5,1,,,10,"Magick Supplies > Cards, Magick Supplies",,,"https://www.eclecticcharge.com/wp-content/uploads/2021/04/Moon-Tarot-Card-Drawstring-Pouch-1.jpg, https://www.eclecticcharge.com/wp-content/uploads/2021/04/Moon-Tarot-Card-Drawstring-Pouch-2.jpg, https://www.eclecticcharge.com/wp-content/uploads/2021/04/Moon-Tarot-Card-Drawstring-Pouch-3.jpg",,,,,,,,,0,Color,Black,1,1,Material,"Fabric and Polyester",1,1
1175,simple,,"Pink Tarot Cards Drawstring Pouch",1,0,visible,"This velvet drawstring bag is the perfect place to keep tarot decks and oracle cards when not in use. Soft and luxurious with a stunning black and gold illustration of sun and moon tarot cards on the front.",,,,taxable,,0,,,0,0,,20,13,.5,1,,,10,"Magick Supplies > Cards, Magick Supplies",,,"https://www.eclecticcharge.com/wp-content/uploads/2021/04/Pink-Tarot-Cards-Drawstring-Pouch-1.jpg, https://www.eclecticcharge.com/wp-content/uploads/2021/04/Pink-Tarot-Cards-Drawstring-Pouch-1.jpg, https://www.eclecticcharge.com/wp-content/uploads/2021/04/Pink-Tarot-Cards-Drawstring-Pouch-2.jpg",,,,,,,,,0,Color,Pink,1,1,Material,"Fabric and Polyester",1,1
1393,simple,,"Large Selenite Athame",1,0,visible,"Selenite is a high vibrational crystal and as an athame, this makes for an excellent pairing for both cleansing and directing energy. This beautiful athame is a great tool for spiritual protection.",,,,taxable,,1,4,,0,0,0.045,22.86,,,1,,,20.00,"Magick Supplies > Altar Supplies, Magick Supplies",,Small,https://www.eclecticcharge.com/wp-content/uploads/2021/05/Athame-Selenite-Large.jpeg,,,,,,,,,0,Color,White,1,1,,,,
1395,simple,,"Small Selenite Athame",1,0,visible,"Selenite is a high vibrational crystal and as an athame, this makes for an excellent pairing for both cleansing and directing energy. This beautiful athame is a great tool for spiritual protection.",,,,taxable,,1,5,,0,0,0.045,14.605,,,1,,,15.00,"Magick Supplies > Altar Supplies, Magick Supplies",,Small,https://www.eclecticcharge.com/wp-content/uploads/2021/05/Athame-Selenite-Small.jpeg,,,,,,,,,0,Color,White,1,1,,,,
1397,simple,,"Copper Flower of Life Charging Plate",1,0,visible,"This copper charging plate features the Flower of Life. The Flower of Life is said to be symbolic of creation. The symbol starts with the inner circle and is formed with several other interloping circles. Use this sacred geometric charging plate to give your crystals an extra boost!","This copper charging plate features the Flower of Life. The Flower of Life is said to be symbolic of creation. The symbol starts with the inner circle and is formed with several other interloping circles. Use this sacred geometric charging plate to give your crystals an extra boost!",,,taxable,,1,14,,0,0,0.453592,14.605,,,1,,,25.00,"Magick Supplies > Altar Supplies, Magick Supplies",,Small,https://www.eclecticcharge.com/wp-content/uploads/2021/05/15177_540x540.jpg,,,,,,,,,0,Material,Copper,1,1,,,,
1399,simple,,"Soapstone Mortar & Pestle",1,0,visible,"This mortar &amp; pestle is crafted from soapstone and is the perfect tool for grinding herbs and other ingredients for your magick. This mortar &amp; pestle is a great addition to any altar!","This mortar &amp; pestle is crafted from soapstone and is the perfect tool for grinding herbs and other ingredients for your magick. This mortar &amp; pestle is a great addition to any altar!",,,taxable,,1,4,,0,0,0.75,10.16,,,1,,,15.00,"Magick Supplies > Altar Supplies, Magick Supplies",,,https://www.eclecticcharge.com/wp-content/uploads/2021/05/Soapstone-Mortar-Pestle.jpg,,,,,,,,,0,,,,,,,,
1433,simple,,"Etched Glass Moon Water Jar",1,0,visible,"These adorable jars are perfect for gathering your moon water. They feature ""moon water"" etched into the glass on one side and the Triple Goddess etched onto the other side and they come with an air tight sealed lid.\n\nThey're approximately 4"" x 4"" and 5.2"" tall and are dishwasher safe.",,,,taxable,,1,,,0,0,2.2,10,10,13.3,1,,,25,"Magick Supplies > Altar Supplies, Magick Supplies",,Medium,"https://www.eclecticcharge.com/wp-content/uploads/2021/05/Moon-Water-Jug.jpeg, https://www.eclecticcharge.com/wp-content/uploads/2021/05/Moon-Water-Jug-2.jpeg, https://www.eclecticcharge.com/wp-content/uploads/2021/05/Moon-Water-Jug-3.jpeg",,,,,,,,,0,Material,Glass,1,1,Color,Clear,1,1
1762,simple,,"Etched Glass Moon Water Jar",1,0,visible,"<span style=""font-weight: 400;"">Need something extra special to collect your moon water in? The jar obsession runs deep and these little guys are perfect for your practice. </span><span style=""font-weight: 400;"">These jars are 210 mL, feature “moon water” etched into the glass and come with a cork closure. </span>\n\n<span style=""font-weight: 400;"">You can also include small crystals or herbs in or around your jar to supercharge your intention!</span>",,,,taxable,,1,3,,0,0,,,,11.4,1,,,15,"Magick Supplies > Altar Supplies, Magick Supplies",,Small,"https://www.eclecticcharge.com/wp-content/uploads/2021/06/Etched-Moon-Water-Small-Jar.jpg, https://www.eclecticcharge.com/wp-content/uploads/2021/06/Etched-Moon-Water-Small-Jar-2.jpg",,,,,,,,,0,,,,,,,,
1785,simple,,"Witchy Shit Canvas Bag",1,0,visible,"This adorable little canvas bag is perfect for carrying small items and can be used to carry a travel sized altar with you where ever you go!",,,,taxable,,1,,,0,0,,21,11.9,,1,,,10.00,"Home Decor, Magick Supplies",,,"https://www.eclecticcharge.com/wp-content/uploads/2021/06/Witchy-Shit-Canvas-Bag.jpeg, https://www.eclecticcharge.com/wp-content/uploads/2021/06/Witchy-Shit-Canvas-Bag-3.jpeg",,,,,,,,,0,Material,Canvas,1,1,Color,Black,1,1
1794,simple,,"Moon Phase Canvas Bag",1,0,visible,"This adorable little canvas bag is perfect for carrying small items and can be used to carry a travel sized altar with you where ever you go!",,,,taxable,,1,,,0,0,,21,11.9,,1,,,10.00,"Home Decor, Magick Supplies",,,"https://www.eclecticcharge.com/wp-content/uploads/2021/06/Moon-Phase-Canvas-Bag.jpeg, https://www.eclecticcharge.com/wp-content/uploads/2021/06/Moon-Phase-Canvas-Bag-2.jpeg",,,,,,,,,0,Material,Canvas,1,1,Color,Black,1,1
1795,simple,,"Belladonna Canvas Bag",1,0,visible,"This adorable little canvas bag is perfect for carrying small items and can be used to carry a travel sized altar with you where ever you go!",,,,taxable,,1,,,0,0,,21,11.9,,1,,,10.00,"Home Decor, Magick Supplies",,,"https://www.eclecticcharge.com/wp-content/uploads/2021/06/Belladonna-Canvas-Bag.jpeg, https://www.eclecticcharge.com/wp-content/uploads/2021/06/Belladonna-Canvas-Bag-3.jpeg, https://www.eclecticcharge.com/wp-content/uploads/2021/06/Belladonna-Canvas-Bag-2.jpeg",,,,,,,,,0,Material,Canvas,1,1,Color,Black,1,1
1796,simple,,"Brass Altar Bell",1,0,visible,"This brass altar bell features a triple moon engraved on the front as well as a crescent moon on the tip of the handle.",,,,taxable,,1,1,,notify,1,,,,,1,,,20.00,"Magick Supplies > Altar Supplies, Magick Supplies",,,https://www.eclecticcharge.com/wp-content/uploads/2021/06/Untitled-design-6.png,,,,,,,,,0,,,,,,,,
1798,simple,,"Mini Spell Book",1,0,visible,"This velvet spellbook is 4"" x 6 and features ""spellbook"" in gold foil on the front.",,,,taxable,,1,,,0,0,,,,,1,,,18.00,"Magick Supplies > Altar Supplies, Magick Supplies",,,"https://www.eclecticcharge.com/wp-content/uploads/2021/06/Mini-Spell-Book.jpeg, https://www.eclecticcharge.com/wp-content/uploads/2021/06/Mini-Spell-Book-2.jpeg",,,,,,,,,0,,,,,,,,
1802,simple,,"Séance Velvet Journal",1,0,visible,"This touchable, mid-sized journal is 5.75” x 8.25” and comes with 144 lined pages, a satin ribbon bookmark, and features crushed velvet and metallic gold foil.","This touchable, mid-sized journal is 5.75” x 8.25” and comes with 144 lined pages, a satin ribbon bookmark, and features crushed velvet and metallic gold foil.",,,taxable,,1,,,0,0,,,,,1,,,24.00,"Magick Supplies > Altar Supplies, Magick Supplies",,,"https://www.eclecticcharge.com/wp-content/uploads/2021/06/1-1.png, https://www.eclecticcharge.com/wp-content/uploads/2021/06/2.png",,,,,,,,,0,Color,Blue,1,1,Material,"Paper, Velvet",1,1
1806,simple,,"Dream Velvet Journal",1,0,visible,"Setting out to remember and understand your dreams has the potential to unearth countless insights. This touchable, mid-sized journal is 5.75” x 8.25” and comes with enough pages to record 60 dreams pages, a grossgrain ribbon bookmark, and features crushed velvet and metallic gold foil.","Setting out to remember and understand your dreams has the potential to unearth countless insights. This touchable, mid-sized journal is 5.75” x 8.25” and comes with enough pages to record 60 dreams, a grossgrain ribbon bookmark, and features crushed velvet and metallic gold foil.",,,taxable,,1,,,0,0,,,,,1,,,24.00,"Magick Supplies > Altar Supplies, Magick Supplies",,,"https://www.eclecticcharge.com/wp-content/uploads/2021/06/3.png, https://www.eclecticcharge.com/wp-content/uploads/2021/06/2-1.png, https://www.eclecticcharge.com/wp-content/uploads/2021/06/1-2.png",,,,,,,,,0,Color,Blue,1,1,Material,"Paper, Velvet",1,1
1845,simple,,"Wooden Mortar + Pestle",1,0,visible,"This Wooden Pentagram Mortar and Pestle is carved out of mango wood and features an emblazoned pentagram designs upon its exterior. It's 3 1/2"" tall + the perfect addition to your altar.",,,,taxable,,1,,,0,0,,,,,1,,,12.00,"Magick Supplies > Altar Supplies, Magick Supplies",,Small,https://www.eclecticcharge.com/wp-content/uploads/2021/07/Untitled-design-7.png,,,,,,,,,0,,,,,,,,
1848,simple,,"Triple Moon Chalice",1,0,visible,"This small Chalice has been engraved with the Triple Moon, a symbol representing the three forms of the Goddess within the phases of the moon and it is 4 3/4” x 1 1/2”",,,,taxable,,1,,,0,0,,,,,1,,,23.00,"Magick Supplies > Altar Supplies, Magick Supplies",,,https://www.eclecticcharge.com/wp-content/uploads/2021/07/Untitled-design-8.png,,,,,,,,,0,,,,,,,,
1936,simple,,"All Seeing Eye Incense Holder",1,0,visible,"This black resin incense holder comes in the shape of a triangle with a mystical all-seeing eye design in it's center and is compatible with both incense sticks and cones.",,,,taxable,,1,6,,0,0,,8,4,1,1,,,13,"Home Decor > Décor, Home Decor, Meditative > Incense",,,"https://www.eclecticcharge.com/wp-content/uploads/2021/07/All-Seeing-Eye-Incense-Holder-1.jpg, https://www.eclecticcharge.com/wp-content/uploads/2021/07/All-Seeing-Eye-Incense-Holder-2.jpg",,,,,,,,,0,Color,Black,1,1,Material,Resin,1,1
